chain,transaction
base,0xb2d71996607bf03ba213a19bd639d4eeaa9b93d28af1f75d819fe1f2087129a0
base,0x6f35825788ebdd01ae59cd474bde919ad35ff3a9bf15b6a35a0cf7fb20e10a32
base,0xd6ee08548b9658cda4f2b7ef8a83b0a48c5d8fcd93c90a7ff34aac5cb2ecff52
base,0x0d36ca9f94f9c4e381e6eb8a0a1e018d37c5cdc23fc146d0f45877b87cc06d15
base,0xe83627ba046827008f842924d400c6a03f7879ba72b2f8aba5ae6987b05551c1
base,0x66b91c9477a85f3a2c648eb7c077398e9529f3bd9ece1aa3413973680eae76a7
base,0x98addaac1f58fcaf89e7aaab5278d48b1ae5c4cb438337941ca779f4aff977ff
base,0x51d81b50c5f06af6f584070e67731b89f20d271ad3fe99295deace7bfca92dd9
base,0x02d30f0728269aeaf87627d31bb7a872a6207b8e71034f3acd3bbc08f0d2f842
base,0x7dfb3a0b75677e9d54aacff8e3521b427b5270a018f2ce2ab57b1d9d136b1727
base,0x9b736699337f411bdb2fcb5a4d761f9ef0c4842cd7fcc886b8d6c6b67828677b
base,0xc3a396e28540b18eaf8f53601e867cb0adfcdf4e1de8ef7d21354326a5d90eac
base,0xe6c2c5563f6c02c6360b9224fec666c7161efb11dee65e0472e01acf370394c7
base,0x359e20e9b620e7baeedff963f2109188ca3a18f38f55386c41ecab030f6c700f
base,0x0f63b3a9d8a2d58187172596865e621e32b4e8ebc0e4477aa3a08c85c25f661c
base,0x0166d2188104fea9f028b0da0ae394b50c110ffcb4e13990a618a12ed5014cf0
base,0x988501728a61e543c2348cba7e9c631f775660929d9802d69196d054de0b9217
base,0x02455f1d1ee6f90df6f9aac0bf642d414f7b736fe36d447f1f4ee3462d9e1196
base,0x8c4aaa7e2e34b0e11199ed01310fef25ec0f571b366356888ff28bef913c9881
base,0x2c2351533c0d72d639e5a7ac33f8dc772751b3fadba08831941a62944cb1492b
base,0x5d5941491a918209401cf12227393ecb04274a11609db029ea5bda7b359d1be7
base,0x56382ec556e82e81be90563d6e74087862853f34e37898005114b3d9f313c3b4
base,0x9ca082888495352383a886e3f88fa39541180357ee92c02fb7f0cf0f7b1f8fc8
base,0x3bf07570e0611ecfe14c37773fc61bbebefd39a36070f0ff86bf64def5b99d25
base,0x142cf4024703804c4e781557a1a577721bff65ee0a7f2a9e046e894329bef008
base,0x7adf132df1a9f3038827e722918ae428db068758a9291e896477aca64c8bc25f
base,0x6a2c2a37bd69d0a85a9ee8fba69c53cf84816a5d67b25428ed120ce9dbad2912
base,0xbba31bdf3afb46056cd1f70ab4154665b6623f408400c220d2682a9fbf2b49c5
base,0xbfed0af4b81682e698926a19ee7ff80624a7f3165a137bc103f39e07ff8b5738
base,0xef781c9584e3bfd69df7814433252e2203ebedb6dd560ad051bba3b9aa893a7d
